{"cameraMode":{"drawMode":0,"name":"Shaded","section":"Shading Mode"},"sceneLighting":true,"audioPlay":false,"sceneViewState":{"m_AlwaysRefresh":false,"showFog":true,"showSkybox":true,"showFlares":true,"showImageEffects":true,"showParticleSystems":true,"showVisualEffectGraphs":true,"m_FxEnabled":true},"in2DMode":false,"pivot":{"x":7.800174713134766,"y":9.918173789978028,"z":10.299308776855469},"rotation":{"x":-0.06852584332227707,"y":0.6615325212478638,"z":-0.060906361788511279,"w":-0.7442917823791504},"size":18.795713424682618,"orthographic":false}