{"cameraMode":{"drawMode":0,"name":"Shaded","section":"Shading Mode"},"sceneLighting":true,"audioPlay":false,"sceneViewState":{"m_AlwaysRefresh":false,"showFog":true,"showSkybox":true,"showFlares":true,"showImageEffects":true,"showParticleSystems":true,"showVisualEffectGraphs":true,"m_FxEnabled":true},"in2DMode":false,"pivot":{"x":0.06259536743164063,"y":2.3199996948242189,"z":-10.079999923706055},"rotation":{"x":-0.04260215163230896,"y":0.9500996470451355,"z":-0.14973120391368867,"w":-0.2703263461589813},"size":5.75220251083374,"orthographic":false}