{"cameraMode":{"drawMode":0,"name":"Shaded","section":"Shading Mode"},"sceneLighting":false,"audioPlay":false,"sceneViewState":{"showFog":true,"showMaterialUpdate":false,"showSkybox":true,"showFlares":true,"showImageEffects":true,"showParticleSystems":true},"in2DMode":false,"pivot":{"x":-5.0099382400512699,"y":-5.568294525146484,"z":19.048282623291017},"rotation":{"x":-0.13868488371372224,"y":-0.48786264657974245,"z":0.07883624732494354,"w":-0.8582199811935425},"size":6.397496700286865,"orthographic":false}